Link,Name
https://www.youtube.com/watch?v=HwVxkGe6WvQ,অভিনেতা নিলয়ের প্রতি তার স্ত্রীর মিষ্টি অভিযোগ | Tasnuva Hridi | Niloy Alamgir | Somoy Entertainment
https://www.youtube.com/watch?v=pfxo3rN0PkY,'বিদ্যুৎ নিয়ে বিএনপির মুখে কথা হাস্যকর ছাড়া কিছু নয়' | Tanvir Shakil Joy | Awami League | Somoy TV
https://www.youtube.com/watch?v=IxHdJIYgPec,এটা কিছুটা মূক এবং বধিরের বাজেট হয়ে গেছে: শামীম হায়দার পাটোয়ারী | Shamim Haider | Budget 2023-24
https://www.youtube.com/watch?v=FDqfyimQ_jI,স্বপরিবারে কানাডা যাওয়ার প্রস্তাবেও টললেন না এসআই রাজিয়া |সময়ের অসঙ্গতি |পর্ব- ৬০ |Somoyer Osonggoti
https://www.youtube.com/watch?v=1HrBHkthNQg,সংলাপের মুলা দেখে আবারো জিহ্বায় পানি এসেছে বিএনপি নেতাদের: কাদের | Awami League | Politics |SomoyTV
https://www.youtube.com/watch?v=o6r_PSkkGsE,সময় ঘনিয়ে আসতেই বাড়ছে নির্বাচনী উত্তাপ | City Corporation Election | Sylhet-Rajshahi | Somoy TV
https://www.youtube.com/watch?v=FGWgDlVSwzo,তলিয়ে গেছে ইউক্রেন! | Kakhovka Dam Collapse | Ukraine | Volodymyr Zelenskyy | Somoy TV
https://www.youtube.com/watch?v=aBhETWrzLSA,"দারিদ্র্যতা, পরিশ্রম আর একজন মুশফিক | Musfik Hasan | Taskin | Rabada |Bangladeshi Cricketer"
https://www.youtube.com/watch?v=ZhBlavF7N3c,তিন দশকের রাজনৈতিক সংলাপ | Political Discussion | Awami League vs BNP | Politics | Somoy TV
https://www.youtube.com/watch?v=3zqBDIfoBsc,কেন ইন্টার মায়ামিতেই থিতু হলেন মেসি! | Lionel Messi to Join Inter Miami | Football Transfer
https://www.youtube.com/watch?v=JE1buFrhNd0,আমার গানের টিউন চুরি করেছে কাছের মানুষ: সোহান আলী | Sohan Ali | Singer | Interview | Somoy TV
https://www.youtube.com/watch?v=61WoZqj94Uc,আইনশৃঙ্খলা বাহিনীর নজর এড়াতে প্রতিনিয়ত নতুন কৌশল মাদক কারবারিদের! | Yaba | Dhaka News | Somoy TV
https://www.youtube.com/watch?v=KsvS-FVk2jc,"দিনভর গুড়ি গুড়ি বৃষ্টি, অবশেষে মুক্তির সুবাতাস | Dhaka Rain | Weather | Somoy TV"
https://www.youtube.com/watch?v=eu0l_Q4YpZM,যাবেনই যখন ইতালি যান! | Migration to Italy | Load Shedding | Shongbad Shongkolon | Somoy TV
https://www.youtube.com/watch?v=Z17i_H1YKBo,বিএনপি নালিশ করে পেয়েছে ভিসা নীতি: ওবায়দুল কাদের | Obaidul Quader | Awami League | BNP | Somoy TV
https://www.youtube.com/watch?v=tdav7iVKIjc,পরীমনির বাসায় পাওয়া মদ নিয়ে এজাহার ও কেমিক্যাল রিপোর্টে দুই তথ্য | Porimoni Case | Highcourt
https://www.youtube.com/watch?v=vXRe4J6QSDQ,ভারত-পাকিস্তান যুদ্ধের জের টানছে বাংলাদেশ | Dhaka News | Somoy TV
https://www.youtube.com/watch?v=qI9n4F0FcaA,মুভি ইন্ডাস্ট্রি থেকেও গেমিং ইন্ডাস্ট্রি অনেক বড়: তালহা | Gaming With Talha | Somoy TV
https://www.youtube.com/watch?v=3GiW17pjw4M,দ্রুত মাতৃভূমিতে ফিরতে মরিয়া রোহিঙ্গারা | Cox's Bazar Rohingya Camp | Somoy TV
https://www.youtube.com/watch?v=g6WQ9aHuc0w,আমু'র বক্তব্যের পাল্টা প্রতিক্রিয়ায় ওবায়দুল কাদের | Obaidul Quader | Amir Hossain Amu | Somoy TV
https://www.youtube.com/watch?v=EW3KqXxMBSQ,বাংলাদেশে কারো ষড়যন্ত্র প্রতিষ্ঠিত হবে না: মায়া | Mofazzal Hossain Chowdhury | Awami League
https://www.youtube.com/watch?v=l1dKrTAtgDg,বরিশাল ও খুলনায় বেড়েই চলেছে নির্বাচনী উত্তাপ | City Corporation Election | Barishal | Khulna
https://www.youtube.com/watch?v=XikhU_bER4o,নমিনেশন বাণিজ্য করার জন্যই কি এত খেলাধুলা?: কাদের | Obaidul Quader | Awami League | BNP | Somoy TV
https://www.youtube.com/watch?v=RGOdjwE01DU,সাকিবে স্বস্তি টাইগার শিবিরে | Shakib Al Hasan | Cricket News | Somoy Sports
https://www.youtube.com/watch?v=iohDgbsKuVI,EXCLUSIVE: চিড়িয়াখানায় বেড়াতে এসে হাত হারালো ছোট সায়ীদ | Mirpur Zoo | Hyena | Child | Saeed | Somoy
https://www.youtube.com/watch?v=JDriqYCy49I,"মা বন্দি মামলার জালে, ভিনদেশে ব'ন্দি শিশু | Japan Child | Japani Mother | Somoy TV"
https://www.youtube.com/watch?v=JGyezUAR3cA,কী পরিমাণ সম্পদের মালিক হলে কোরবানি ওয়াজিব হয়? | Tasawuf | তাসাউফ | পর্ব-১২ | Qurbani | Somoy TV
https://www.youtube.com/watch?v=ICoJpoHyuI4,কীটনাশক কেড়ে নিলো শিশুর প্রা'ণ!| Pest Control Service | House Cleaning | DB Police
https://www.youtube.com/watch?v=7_iawJNnkIc,মুক্তিযুদ্ধের বিপক্ষ শক্তি অনেক শক্তিশালী: রাষ্ট্রপতি | Mohammed Shahabuddin | BD President |SomoyTV
https://www.youtube.com/watch?v=3g5qkK4XwMg,দ্বিগুণ দামে বিক্রি হচ্ছে চার্জিং ফ্যান | DNCRP | Load Shedding | Dhaka News | Somoy TV
